method,lambda,r2,cpm,max_abs_nc_target,max_abs_nc_all,nc::Income below 200% FPL,pr::Income below 200% FPL,nc::Hispanic,pr::Hispanic,nc::Non-Hispanic Black,pr::Non-Hispanic Black,nc::Non-Hispanic Asian,pr::Non-Hispanic Asian,nc::Needs ADL or IADL help,pr::Needs ADL or IADL help,nc::Mental health condition,pr::Mental health condition,nc::Age 65 and over,pr::Age 65 and over,nc::Uninsured all year,pr::Uninsured all year,nc::Died in year 2,pr::Died in year 2,r2_lo,r2_hi,max_abs_nc_target_lo,max_abs_nc_target_hi
Penalized WLS,0.0,0.12302916243426665,0.1467064415255945,7746.723941992637,43607.07268294782,-91.92619349042366,0.9882673549836148,-271.1429541838061,0.9436445732953591,-202.29030622264585,0.9696434648881285,178.6594345441756,1.036261831009014,-7746.723941992637,0.752727620954659,193.4500146321296,1.0136400827394965,-1.3992018589558963,0.9999165202233057,-126.28883471988028,0.9473953235084857,-43607.07268294782,0.3418210176286569,0.1021702830019495,0.15503256616058778,4246.119700945961,12746.942537902385
Penalized WLS,0.1,0.11930961945320258,0.11661557662465476,4504.122097612747,40147.53450864963,548.1193632735709,1.0699571000572963,-89.38702176959681,0.9814214469675365,212.83539647918033,1.0319389757567439,383.22886043771655,1.0777825151547387,-4504.122097612747,0.8562301955088237,1052.6570553093768,1.0742224256640078,1689.923386788091,1.1008249281948617,-95.20457146603563,0.9603432425867836,-40147.53450864963,0.39403721043732465,0.09910504385435293,0.15015356374108996,1240.1365920518738,9350.605605593502
Penalized WLS,0.3,0.1138712504994646,0.1016410307442216,2817.4491750021957,38145.38592610237,663.5936775811361,1.0846952186156622,-220.88820843323728,0.9540897189169071,231.88064219207718,1.034796985520007,315.9441536698339,1.0641259922146935,-2817.4491750021957,0.9100681313083006,857.9883569123813,1.0604964140223212,2553.8765632584923,1.1523704702368065,-301.97676602227233,0.8742138200911382,-38145.38592610237,0.4242564394646491,0.09370186827494474,0.1419746077715625,726.0317914925091,7644.367606376954
Penalized WLS,1.0,0.10700700190047523,0.08635577566440729,1573.9160442844532,36610.43304431688,487.44968828129686,1.0622137601786796,-605.162773202426,0.8742205696908231,-19.2429710734534,0.997112318736593,30.73403193381849,1.0062379704438962,-1573.9160442844532,0.9497612193745294,421.4233213530412,1.0297143889212927,3115.444828738229,1.1858749950490945,-757.5157093744556,0.6844624553130797,-36610.43304431688,0.44742409699274993,0.08817167118092303,0.13191791578264467,500.2209960610362,6366.021954367866
Penalized WLS,3.0,0.10267857563470657,0.07484532945832474,1043.9370385909162,35969.69852856702,251.90600042285328,1.0321510504050908,-949.7095713899511,0.802608596995368,-296.95473412433915,0.9554377222447803,-242.83001099180078,0.9507137093265324,-1043.9370385909162,0.9666779406315692,185.19079691931623,1.013057728619852,3293.2723323388477,1.196484615237665,-1147.603334803009,0.5219743510833731,-35969.69852856702,0.4570949592084415,0.08473228641505584,0.1270317821778546,356.91675499135226,5843.4175592463025
Penalized WLS,10.0,0.10042620422298217,0.06808296685334136,824.7551844161644,35714.632232562355,101.26036817655473,1.0129239763872935,-1152.6597438487845,0.7604266284351796,-469.3136079931275,0.9295728239007053,-407.22437317236216,0.9173472062060263,-824.7551844161644,0.9736741391447975,85.35678495083435,1.0060184725822885,3344.73515233263,1.1995550119024745,-1375.0868207849,0.4272177939120085,-35714.632232562355,0.46094477679106566,0.0829294820637318,0.12447381540110822,267.49026488963136,5618.625825320369
Penalized WLS,30.0,0.09966073843908785,0.06567648430663797,757.8831343309625,35638.63324690488,46.824506662587304,1.0059762652393165,-1224.2263644694067,0.7455519382370701,-531.0950231620433,0.9203016446046884,-465.5797729035709,0.905503031008028,-757.8831343309625,0.9758086686620523,55.209658253777185,1.003892810801968,3356.8469160275786,1.2002776291018122,-1455.0807574026792,0.39389691351593226,-35638.63324690488,0.4620918598664414,0.08231491082068731,0.12360271379280334,235.46189950135104,5549.813819380446
Penalized WLS,100.0,0.09937659453061287,0.06476832076383594,733.9761921568601,35611.707991385825,26.271287055428004,1.0033530343576884,-1251.0559796112557,0.7399755646440642,-554.3688963616443,0.916809069195784,-487.500456930064,0.901053872519428,-733.9761921568601,0.9765717688462533,44.498900903761665,1.0031375996083443,3360.7112327568516,1.2005081836108495,-1485.0462492761599,0.3814150103499874,-35611.707991385825,0.4624982535128683,0.08208654804462374,0.12327915523762217,224.1204456949669,5525.18282481073
Constrained WLS,inf,0.0992520224768804,0.06436745516136762,723.6474603089376,35600.11733745888,17.20573018334734,1.0021959869850365,-1262.8591025586531,0.7375223567701948,-564.6260584715266,0.9152698362609438,-497.15115643859735,0.899095106470548,-723.6474603089376,0.9769014579013535,39.88420315472603,1.002812219125772,3362.301413555257,1.200603057654294,-1498.2252191303048,0.375925408302376,-35600.11733745888,0.46267319588659994,0.08198639242018994,0.12313727029244798,219.54456437016816,5514.536020617279
Stacked LightGBM,0.0,0.18199927740251595,0.2552668729682575,4601.372680093938,41025.18120162398,13.771860013155171,1.0017577182151738,-11.450132422501218,0.9976201590764653,-9.777083046993818,0.9985328097507497,327.93808015659,1.06656035419791,-4601.372680093938,0.8531259951947637,191.8534092149351,1.0135275067335743,93.887145772208,1.0056015348417036,313.0820046644339,1.1304119846162042,-41025.18120162398,0.3807905380118832,0.15244966345118882,0.23350606394751047,1366.9285919245667,9257.401961109104
Stacked LightGBM,0.1,0.18022668283709128,0.24155840277256058,2414.5721521952296,38712.35681902995,423.60128299168605,1.0540647153234355,110.67661729429653,1.0230034669815469,260.172398527724,1.0390425656005193,463.6159158403027,1.0940983723371929,-2414.5721521952296,0.9229278073001312,747.162493411976,1.0526821269534041,1195.708793863662,1.071338886854748,340.0496218397783,1.1416451453338767,-38712.35681902995,0.4156989210993504,0.15205180879579114,0.23083852179444486,620.098500515103,6942.397835684123
Stacked LightGBM,0.3,0.1778048907566487,0.2376244341090535,1276.5336437695087,37381.77188357462,486.9150555553215,1.0621455243935367,21.333522834698115,1.0044340439753696,264.99838394513074,1.039766773292467,415.7216967679558,1.0843774634876762,-1276.5336437695087,0.9592535485464696,615.1466774390673,1.0433737448567841,1749.2575824362614,1.1043649502233734,204.23642345957023,1.085073165871752,-37381.77188357462,0.4357819715059668,0.14985083621251333,0.22748817516756045,623.4326210832854,5881.394344837359
Stacked LightGBM,1.0,0.17478689348866616,0.23460052624430086,535.6750562272432,36367.02538927578,354.84134985229986,1.0452888065618178,-239.0963215088539,0.9503052724984059,87.07884194954617,1.0130674176756307,219.91968159478927,1.0446362675998202,-436.5974358584511,0.9860639816962363,327.2083610748629,1.0230713299588186,2100.0650682536966,1.1252949757170072,-100.78938929291168,0.9580169281845764,-36367.02538927578,0.45109794604611664,0.14668932386086994,0.2233977954890049,479.655635267742,5111.0551501200935
Stacked LightGBM,3.0,0.17287952416782978,0.2313060098259336,316.5571028474808,35945.46436007348,189.05179698849352,1.0241288966675945,-472.6822318282886,0.9017558507077147,-105.36784295818097,0.9841880578256591,32.86037527454996,1.006669546325044,-77.71085199950666,0.9975195001918946,172.89083411927868,1.0121904631890155,2205.416185814632,1.131580478921693,-363.6646053066825,0.8485182086286143,-35945.46436007348,0.4574607352024796,0.14476954657829944,0.22086001111453743,438.5979160182411,4785.800515179972
Stacked LightGBM,10.0,0.1718819123640559,0.2289811982632509,294.97860515461684,35778.184029037046,84.15982929578094,1.0107414150882887,-610.3467187393436,0.873143117895603,-224.26430968891182,0.9663459534046176,-79.48023668738362,0.9838681963890261,71.08267226690003,1.0022689309199542,108.11786021748695,1.00762334684641,2233.348058857348,1.1332469622166736,-517.3313888363972,0.7845094508235214,-35778.184029037046,0.45998556411848607,0.1438500167047891,0.2196495796265743,391.3550022994983,4651.738926166875
Stacked LightGBM,30.0,0.1715419222325187,0.22809931499944627,288.4571471762083,35728.422268718656,46.371534258547264,1.005918451854284,-658.9059517731647,0.8630503743599699,-266.82831154771935,0.9599586200664271,-119.35496744338143,0.975774972810361,116.5424686871685,1.0037199897282878,88.63194701883715,1.0062494029426599,2239.3361148405,1.1336042241607645,-571.4169990411583,0.7619804914426038,-35728.422268718656,0.46073663826201977,0.14352323703835218,0.21927479395151653,386.0855273977208,4610.877571315316
Stacked LightGBM,100.0,0.1714155899579994,0.22775977900105218,293.1060533292775,35710.802733810495,32.116125383922366,1.0040990177459108,-677.1123015439435,0.8592662944337378,-282.8570741939377,0.9575532764533019,-134.33350458672268,0.9727348356687658,132.80282102190063,1.0042390137745856,81.71879495929643,1.0057619593709333,2241.148424168953,1.133712350931088,-591.6832302341937,0.7535387433025044,-35710.802733810495,0.4610025769467838,0.14338759386194547,0.21913552551808477,371.57994037647154,4596.273226565412
"Stacked LightGBM, constrained",inf,0.17136018271407435,0.2276088562764573,295.5352729761664,35703.21970527156,25.830343766512968,1.0032967562623514,-685.1221438747019,0.8576014970439418,-289.92030612473417,0.9564933381294431,-140.927896277321,0.9713963968804545,139.82936008156568,1.0044632981356585,78.74198591658508,1.0055520657623982,2241.875458056399,1.1337557275362469,-600.5974047119581,0.7498256101056399,-35703.21970527156,0.46111703062826215,0.1433282156502746,0.21907444283299357,365.2315572349035,4589.964122251281
"LightGBM, decile recalibration",0.0,0.185615409497539,0.2731305510289788,5607.587807011045,42448.66757401471,21.29697276763218,1.002718156946554,111.02108852005578,1.0230750632469692,17.876300785863425,1.002682592965573,345.79446183054125,1.070184596580325,-5607.587807011045,0.8210080043992632,597.0159865004014,1.0420953571296085,-429.8930912051378,0.9743515354654,556.404934810802,1.2317663446568872,-42448.66757401471,0.3593052890750523,0.154536855694539,0.24118008227254337,2354.3907969785973,10391.414237863164
