model,model_key,group,pr,nc,mean_cost,mae,n,nc_lo,nc_hi,nc_minus_wls,nc_minus_wls_lo,nc_minus_wls_hi,target_group
WLS,wls,Income below 200% FPL,0.9882673577249443,-91.92617201189223,7835.0783955402985,8409.56353684986,15406,-619.0934839664918,336.0682801746759,0.0,0.0,0.0,True
WLS,wls,Hispanic,0.9436445754839444,-271.14294365386235,4811.3015913244535,6261.412756271591,9944,-1034.2156266283732,335.9247633464662,0.0,0.0,0.0,False
WLS,wls,Non-Hispanic Black,0.9696434655243031,-202.29030198329517,6663.814084089429,7592.325307680898,6187,-896.3409789541857,485.17519608169135,0.0,0.0,0.0,False
WLS,wls,Non-Hispanic Asian,1.0362618247364743,178.65940363982477,4926.928110711395,6254.36069123811,2348,-399.1054996065892,734.5238091546269,0.0,0.0,0.0,False
WLS,wls,Needs ADL or IADL help,0.7527276295206854,-7746.723673630101,31328.707120062754,23891.94591288856,1612,-12746.942163489048,-4246.1194554731865,0.0,0.0,0.0,True
WLS,wls,Mental health condition,1.0136400823487717,193.45000909068787,14182.466362317144,12402.202501390968,7175,-474.0128637652693,771.8834680982819,0.0,0.0,0.0,True
WLS,wls,Age 65 and over,0.9999165229427218,-1.399156278912761,16760.96791779527,14866.078569203657,9490,-903.2473745480762,685.5906105505558,0.0,0.0,0.0,False
WLS,wls,Uninsured all year,0.9473953311173829,-126.28881645308677,2400.7149771228355,4127.566106149716,3114,-695.6174410748457,372.97617828225214,0.0,0.0,0.0,False
WLS,wls,Died in year 2,0.3418210194433143,-43607.07256271928,66254.1251709931,55479.58637733949,395,-54318.014336595945,-32699.477341060476,0.0,0.0,0.0,False
Payment-form WLS (non-negative),pwls,Income below 200% FPL,1.0862066428780868,675.4358051661548,7835.0783955402985,8124.078171743667,15406,124.43619283599841,1112.8627332242772,767.3619771780469,681.4389497424311,868.4998591177265,True
Payment-form WLS (non-negative),pwls,Hispanic,1.1057187561097643,508.644819503752,4811.3015913244535,5888.113096446227,9944,-297.4593917516138,1114.1440595549452,779.7877631576143,688.5523856464404,863.3955420828773,False
Payment-form WLS (non-negative),pwls,Non-Hispanic Black,1.0620453377467187,413.4585955286681,6663.814084089429,7233.011334207604,6187,-230.39893697785158,1096.3469197558363,615.7488975119633,488.8642980484878,739.3669252487874,False
Payment-form WLS (non-negative),pwls,Non-Hispanic Asian,1.1583668746427305,780.2622064827755,4926.928110711395,5829.024529888554,2348,225.0017652307958,1315.3025306047537,601.6028028429506,424.630584595065,757.0733535210572,False
Payment-form WLS (non-negative),pwls,Needs ADL or IADL help,0.7033864938856613,-9292.517660911059,31328.707120062754,24354.563471992617,1612,-14436.61580186758,-5592.982376896592,-1545.7939872809602,-1949.397956300207,-1188.0416167267415,True
Payment-form WLS (non-negative),pwls,Mental health condition,1.0219886744682376,311.85363599772114,14182.466362317144,12582.736749522583,7175,-363.0484245361084,912.2854770702462,118.4036269070333,16.927944060996715,241.05601437423482,True
Payment-form WLS (non-negative),pwls,Age 65 and over,1.011292330473185,189.27038877819473,16760.96791779527,15152.832650554308,9490,-680.8636429414955,881.7124611412976,190.6695450571075,75.31952259931828,283.20284050061207,False
Payment-form WLS (non-negative),pwls,Uninsured all year,1.2737391596257626,657.1697003385866,2400.7149771228355,3551.726321947757,3114,101.54309892278737,1196.9524398347905,783.4585167916733,609.2378837242944,930.2609497839817,False
Payment-form WLS (non-negative),pwls,Died in year 2,0.33111575633665136,-44316.34040457654,66254.1251709931,55494.85192609442,395,-55359.27939730684,-33097.27628414914,-709.2678418572686,-1403.2746965819197,-156.92223042243552,False
Tweedie GLM,tweedie,Income below 200% FPL,1.0169132352108983,132.51652379959876,7835.0783955402985,7330.475575227232,15406,-390.6679232343658,565.1790341833731,224.44269581149103,103.0948624899563,373.8571075574307,True
Tweedie GLM,tweedie,Hispanic,1.0025911626898811,12.466865173206735,4811.3015913244535,5295.990901772096,9944,-776.7725663788458,608.9268214321527,283.609808827069,203.95189993298916,369.9912116374489,False
Tweedie GLM,tweedie,Non-Hispanic Black,0.9977587427164724,-14.935321852040943,6663.814084089429,6517.3722490395785,6187,-679.7166851375672,629.2141959649344,187.35498013125422,42.33653973570829,359.492249167113,False
Tweedie GLM,tweedie,Non-Hispanic Asian,1.0785873532214751,387.19423973329043,4926.928110711395,5298.649688939139,2348,-151.60539101188425,866.6346259249952,208.53483609346566,40.444148453121436,391.68583041683235,False
Tweedie GLM,tweedie,Needs ADL or IADL help,0.8480068557201591,-4761.748701400576,31328.707120062754,24293.92976438189,1612,-9352.958899482173,-1287.0340535628407,2984.9749722295237,2226.8396520772303,3833.7237576865296,True
Tweedie GLM,tweedie,Mental health condition,1.0475711129982583,674.6757099157858,14182.466362317144,12160.969739595457,7175,-10.60291469430788,1367.3923715521219,481.22570082509793,194.2178819453209,794.8819384617958,True
Tweedie GLM,tweedie,Age 65 and over,1.0335113385175392,561.6824697748528,16760.96791779527,14633.87629245679,9490,-308.6774365288393,1296.8595706890999,563.0816260537657,313.55290943637254,870.552422746018,False
Tweedie GLM,tweedie,Uninsured all year,1.1772277250381509,425.47325386049624,2400.7149771228355,3335.363913466412,3114,-118.42196793414442,924.7949606158152,551.762070313583,405.6572374951887,687.659563862881,False
Tweedie GLM,tweedie,Died in year 2,0.3612792327864806,-42317.88566027724,66254.1251709931,54140.30653890766,395,-52744.56048598699,-31763.348497143175,1289.1869024420278,224.0466530176324,2854.3880763560833,False
Two-part,twopart,Income below 200% FPL,1.0307842086018224,241.19668773994354,7835.0783955402985,7946.227763347632,15406,-303.0143579039535,699.6151952063752,333.12285975183585,192.70759272101378,497.3878089269286,True
Two-part,twopart,Hispanic,1.0748361593171614,360.0593324112696,4811.3015913244535,5881.980074193238,9944,-421.88871800239343,963.5805504976519,631.202276065132,498.08766575614777,727.5835133411617,False
Two-part,twopart,Non-Hispanic Black,1.0108793459221774,72.49793858188553,6663.814084089429,7059.9193217949605,6187,-558.2547429766358,752.6448301269278,274.78824056518073,91.84067745120497,448.92116879641407,False
Two-part,twopart,Non-Hispanic Asian,1.146977321874952,724.1466987827763,4926.928110711395,5760.518958526077,2348,191.5899349409463,1299.8644021323669,545.4872951429516,342.87559714255724,735.7239728696342,False
Two-part,twopart,Needs ADL or IADL help,0.7112634082773682,-9045.744116923468,31328.707120062754,25157.1237518618,1612,-14183.346695596118,-5544.441620193498,-1299.020443293367,-2147.336348831804,-616.5830159316948,True
Two-part,twopart,Mental health condition,1.011703587615535,165.98573767575422,14182.466362317144,12545.215481706728,7175,-471.4075062956361,797.1087074910455,-27.46427141493359,-261.6434355695256,232.72471314018577,True
Two-part,twopart,Age 65 and over,0.951385238815733,-814.830452540779,16760.96791779527,14700.71842026092,9490,-1666.0468420191394,-132.03947386236447,-813.431296261866,-1031.9319679478199,-582.8812479359385,False
Two-part,twopart,Uninsured all year,1.403663380559354,969.080723424876,2400.7149771228355,3785.9313355574272,3114,425.1653080176216,1477.2729930002256,1095.3695398779628,929.8549642871941,1260.5330511805957,False
Two-part,twopart,Died in year 2,0.2965813449753971,-46604.38761761164,66254.1251709931,54763.62814813462,395,-57389.49836481596,-35530.22591129384,-2997.315054892366,-4116.302734742126,-1813.0696462101328,False
Elastic net,enet,Income below 200% FPL,1.004359776096299,34.15918750150397,7835.0783955402985,7902.622093892855,15406,-498.28355104163285,453.5954759129828,126.08535951339623,57.69201717723789,194.74551336271594,True
Elastic net,enet,Hispanic,0.9861478925717293,-66.64666651283586,4811.3015913244535,5743.095601286258,9944,-853.7139106399376,502.057643398591,204.49627714102644,144.7413573701118,259.0318284101144,False
Elastic net,enet,Non-Hispanic Black,0.9846987171923782,-101.9649038780655,6663.814084089429,7073.438881661178,6187,-750.8487130871072,594.3271398818434,100.32539810522964,6.0696355164337445,194.95346690956094,False
Elastic net,enet,Non-Hispanic Asian,1.0915189141383632,450.9071107300843,4926.928110711395,5728.879277319997,2348,-103.52826069603161,999.8465197921822,272.2477070902595,152.1042917259965,389.134009237999,False
Elastic net,enet,Needs ADL or IADL help,0.6941264609590077,-9582.622520392333,31328.707120062754,23952.20366187597,1612,-14686.494646823368,-6008.804306763917,-1835.8988467622341,-2160.5926728698096,-1563.094860220194,True
Elastic net,enet,Mental health condition,1.0150096526543797,212.8738938808067,14182.466362317144,12412.126939020565,7175,-450.1246074655826,791.4495323583847,19.42388479011881,-73.9024157980184,125.6409364788332,True
Elastic net,enet,Age 65 and over,0.9819726350912316,-302.15608487825415,16760.96791779527,14753.838777474683,9490,-1157.5807691963712,392.1806850920641,-300.75692859934134,-390.6319194095,-216.59565262541756,False
Elastic net,enet,Uninsured all year,1.0414901752126733,99.60608503651491,2400.7149771228355,3478.093681049863,3114,-444.8787834473368,643.3497819662956,225.89490148960166,111.78151410613852,326.76072608298523,False
Elastic net,enet,Died in year 2,0.32036447339119883,-45028.65725059332,66254.1251709931,55661.42289125687,395,-56010.35402617309,-33805.99954675959,-1421.5846878740438,-1933.055666092489,-981.6916653331732,False
LightGBM (Tweedie),gbm,Income below 200% FPL,0.9994194639366318,-4.548545567928709,7835.0783955402985,6916.79132447887,15406,-513.8956253057944,416.51660963208064,87.37762644396354,-33.577904273605434,252.92208966611105,True
LightGBM (Tweedie),gbm,Hispanic,1.018814990521876,90.52459383865748,4811.3015913244535,5086.87722847066,9944,-669.5258759793439,697.0688807296071,361.66753749251984,239.30519670805654,496.61197691360036,False
LightGBM (Tweedie),gbm,Non-Hispanic Black,0.9987429500066627,-8.37674745000596,6663.814084089429,6384.58478114094,6187,-644.7238553960691,602.8317617936901,193.91355453328916,-8.611541077300323,390.8245441133948,False
LightGBM (Tweedie),gbm,Non-Hispanic Asian,1.0628301318655207,309.55954288793674,4926.928110711395,5144.710957941085,2348,-237.185831054256,837.7781854483758,130.90013924811197,-53.77673376433803,330.5237020349885,False
LightGBM (Tweedie),gbm,Needs ADL or IADL help,0.817374571290917,-5721.418568702764,31328.707120062754,22518.64066807304,1612,-10501.709442288027,-2458.345127352311,2025.305104927337,1354.3292001954005,2925.1531558193,True
LightGBM (Tweedie),gbm,Mental health condition,1.0379042868121513,537.5762727009585,14182.466362317144,11494.118439761936,7175,-37.964680358475505,1128.2519744771428,344.1262636102706,118.72079601441463,600.2806686872403,True
LightGBM (Tweedie),gbm,Age 65 and over,0.9721477993744334,-466.8298411251174,16760.96791779527,13504.555977105318,9490,-1298.2588511975746,175.99498859300235,-465.43068484620466,-679.540252831431,-271.6846465200256,False
LightGBM (Tweedie),gbm,Uninsured all year,1.2286457279606988,548.9132235704026,2400.7149771228355,3310.813178321358,3114,39.72138842999435,1023.5803349254568,675.2020400234893,490.81089256962787,861.5552961129005,False
LightGBM (Tweedie),gbm,Died in year 2,0.3579077416418259,-42541.2608565881,66254.1251709931,54003.39677520009,395,-53194.9795916956,-31877.960271790667,1065.8117061311739,-801.9404906215937,3243.9481482078754,False
LightGBM (squared error),gbm_mse,Income below 200% FPL,1.0148177663852145,116.09836127495605,7835.0783955402985,7137.567048938537,15406,-404.9436190593915,544.569265007009,208.02453328684828,76.63062104324676,361.46174605690834,True
LightGBM (squared error),gbm_mse,Hispanic,1.0606962691944826,292.0280565628709,4811.3015913244535,5283.972514157944,9944,-466.4561162492607,898.163237465688,563.1710002167332,445.51605399521713,704.2070002729571,False
LightGBM (squared error),gbm_mse,Non-Hispanic Black,1.0203907474591383,135.88015010331785,6663.814084089429,6578.155193156745,6187,-500.0932845607788,765.4993211760274,338.170452086613,127.4595644215594,544.5730436411797,False
LightGBM (squared error),gbm_mse,Non-Hispanic Asian,1.0610571635684833,300.8242555458641,4926.928110711395,5194.6434945988685,2348,-247.43301885019318,852.5956197743454,122.1648519060393,-79.15915819630702,309.8683263340394,False
LightGBM (squared error),gbm_mse,Needs ADL or IADL help,0.8092006447458909,-5977.4971194527925,31328.707120062754,22793.73710356915,1612,-10943.57524916054,-2582.3562869435145,1769.2265541773074,993.7851724294794,2706.929511225315,True
LightGBM (squared error),gbm_mse,Mental health condition,1.0199492321280375,282.92931360994635,14182.466362317144,11503.517427182102,7175,-331.7619448697873,893.2706011635773,89.47930451925845,-162.75370909530315,324.6689254477128,True
LightGBM (squared error),gbm_mse,Age 65 and over,0.9401284689896178,-1003.5048104543008,16760.96791779527,13420.745267692304,9490,-1832.1943306072917,-335.82287748226327,-1002.1056541753882,-1197.4962543874153,-785.4008310024007,False
LightGBM (squared error),gbm_mse,Uninsured all year,1.33831656898748,812.2016541770545,2400.7149771228355,3543.7132400630276,3114,283.75585784601617,1282.040775016862,938.4904706301412,767.2159237244557,1118.3381819122094,False
LightGBM (squared error),gbm_mse,Died in year 2,0.3480215862318419,-43196.259434581065,66254.1251709931,54687.27634887298,395,-54283.91998650243,-32597.699469288367,410.8131281382084,-1448.816450986473,2211.7752680304325,False
Random forest,rf,Income below 200% FPL,1.0049785195716636,39.007091137716635,7835.0783955402985,7041.809783493426,15406,-471.76156353453933,489.5582696824904,130.9332631496089,22.56647878929359,276.08135380232557,True
Random forest,rf,Hispanic,1.0298383138146319,143.56112673877828,4811.3015913244535,5170.176338833901,9944,-592.8457268329303,732.9230901642891,414.70407039264063,306.76656405128995,533.6156846373476,False
Random forest,rf,Non-Hispanic Black,1.0003553509329546,2.3679925518166964,6663.814084089429,6427.882916359485,6187,-649.3491628382386,635.4207720280218,204.65829453511185,15.266316737464148,384.62069635713203,False
Random forest,rf,Non-Hispanic Asian,1.061089543335702,300.9837883311913,4926.928110711395,5209.397823864833,2348,-239.25826675660863,835.9503331105581,122.32438469136655,-76.79534459109696,336.639538116414,False
Random forest,rf,Needs ADL or IADL help,0.7835220710728074,-6781.973633317786,31328.707120062754,22458.44790879598,1612,-11454.008704665595,-3391.320590170119,964.7500403123146,305.05515389146825,1764.6443590008957,True
Random forest,rf,Mental health condition,1.06847881008996,971.1984206323623,14182.466362317144,11765.458306967137,7175,410.0709900494311,1568.486211349714,777.7484115416743,542.4385665624768,1032.2291244951284,True
Random forest,rf,Age 65 and over,0.935610533049836,-1079.2297897956364,16760.96791779527,13347.233439521058,9490,-1903.574726534227,-429.2063618245638,-1077.8306335167238,-1278.8818167674865,-893.0286958935392,False
Random forest,rf,Uninsured all year,1.2455176023688275,589.4177851541323,2400.7149771228355,3326.996512027818,3114,87.71954143298925,1064.425745831944,715.706601607219,542.2304258629644,913.8870410526087,False
Random forest,rf,Died in year 2,0.331453123114708,-44293.98846383465,66254.1251709931,54347.66159731181,395,-55267.05299370662,-33279.04781695693,-686.9159011153703,-2372.373579027942,1249.163388138213,False
Neural network,mlp,Income below 200% FPL,0.9990436926686318,-7.49274291150009,7835.0783955402985,7553.717298544566,15406,-503.72755985425226,434.3869866296177,84.43342910039216,-47.126532708814494,222.68008802581696,True
Neural network,mlp,Hispanic,0.9883813643480526,-55.90076020123248,4811.3015913244535,5300.7593427443,9944,-825.1942772561465,533.4612734194856,215.24218345262986,116.03500902735482,321.38622271505915,False
Neural network,mlp,Non-Hispanic Black,0.9685661270560794,-209.46948524117806,6663.814084089429,6583.819112755584,6187,-881.4836608660235,463.6850904242997,-7.1791832578829355,-170.09698242785242,175.95171679464679,False
Neural network,mlp,Non-Hispanic Asian,1.042789891566604,210.82271961379308,4926.928110711395,5283.972143102867,2348,-339.445954224698,737.4397340827757,32.16331597396829,-159.13315013487446,220.55925084896435,False
Neural network,mlp,Needs ADL or IADL help,0.7808919320013504,-6864.372489972488,31328.707120062754,24841.906603229396,1612,-11596.924938819884,-3450.1343012613,882.3511836576112,82.83467788611581,1675.702848050061,True
Neural network,mlp,Mental health condition,0.9878582074385408,-172.20056458112632,14182.466362317144,12315.363278688163,7175,-863.2283410532317,418.39954190184767,-365.65057367181424,-567.6808273606196,-132.70505206342588,True
Neural network,mlp,Age 65 and over,0.9726223920939033,-458.8752077800627,16760.96791779527,14796.169971038738,9490,-1266.6401133312827,237.78957300561365,-457.47605150114987,-633.7154595786628,-248.0582897696831,False
Neural network,mlp,Uninsured all year,1.1855495798117286,445.45165525286535,2400.7149771228355,3343.9904673299757,3114,-85.00078280188293,962.1458132812769,571.7404717059521,417.3997190665603,710.527399039341,False
Neural network,mlp,Died in year 2,0.35450568553014633,-42766.661108050066,66254.1251709931,56141.776191973964,395,-53572.83759767125,-31421.120542844223,840.4114546692144,-621.8407906997852,2368.2996718050963,False
CANN,cann,Income below 200% FPL,1.01897626347367,148.68051197063193,7835.0783955402985,7342.2997794900875,15406,-376.5631965948417,579.8334421861745,240.60668398252417,116.31552305428077,397.7066108108054,True
CANN,cann,Hispanic,0.9999127403835598,-0.4198323314366161,4811.3015913244535,5289.940947369592,9944,-794.1407380462356,593.882095116044,270.7231113224257,189.3287507033818,360.1497434876561,False
CANN,cann,Non-Hispanic Black,0.9976716716377277,-15.515547332894991,6663.814084089429,6518.049484824912,6187,-680.5325396883059,619.5462788751523,186.77475465040015,38.41199826086767,364.8495258252845,False
CANN,cann,Non-Hispanic Asian,1.075047302581106,369.75266471991455,4926.928110711395,5286.664347323625,2348,-171.6634716114105,849.6890005614194,191.09326108008977,19.40787106075756,373.0752589174543,False
CANN,cann,Needs ADL or IADL help,0.8549160599262501,-4545.292266395249,31328.707120062754,24405.781275739264,1612,-9068.863975603039,-1056.5604977013775,3201.431407234851,2438.6067912909148,4064.3242866884625,True
CANN,cann,Mental health condition,1.0510425067055842,723.9086344002952,14182.466362317144,12192.30429984013,7175,41.19236896702465,1417.891075914975,530.4586253096073,239.51599409470094,856.7186224510236,True
CANN,cann,Age 65 and over,1.0384965465243765,645.2393812409899,16760.96791779527,14689.264251456805,9490,-231.777002475326,1370.6091164950265,646.6385375199027,394.5455191463776,955.6891710556821,False
CANN,cann,Uninsured all year,1.169858565654823,407.7820025601357,2400.7149771228355,3323.230401710304,3114,-133.81054544226055,905.7826748210648,534.0708190132225,387.80563872404116,669.5288410308033,False
CANN,cann,Died in year 2,0.3634537623774525,-42173.81410456897,66254.1251709931,54155.43687184131,395,-52655.44747171523,-31637.751709235432,1433.2584581503033,323.4921291940097,3068.165057382209,False
