feature_set,model,fold,rank,flag,training_gain
F3,WLS,0,1,NVS015,11102.166829574124
F3,WLS,0,2,MUS003,10041.397635895197
F3,WLS,0,3,GEN006,9096.188617526259
F3,WLS,0,4,EYE005,7918.9204394327835
F3,WLS,0,5,DEN001,7775.202280188293
F3,Payment-form WLS (non-negative),0,1,NVS015,12298.18122786815
F3,Payment-form WLS (non-negative),0,2,MUS003,11070.089593572256
F3,Payment-form WLS (non-negative),0,3,GEN006,10000.577475023874
F3,Payment-form WLS (non-negative),0,4,EYE005,8784.513665154234
F3,Payment-form WLS (non-negative),0,5,MUS026,8366.020920576757
F3,Tweedie GLM,0,1,DEN001,23062.31620198655
F3,Tweedie GLM,0,2,NVS009,3903.3230518821515
F3,Tweedie GLM,0,3,MUS026,3698.814833430279
F3,Tweedie GLM,0,4,MUS003,3514.877088683892
F3,Tweedie GLM,0,5,GEN006,2926.723436162683
F3,Two-part,0,1,NVS009,3642.665388798399
F3,Two-part,0,2,MUS003,3278.0040470497706
F3,Two-part,0,3,MUS026,3158.5739555744617
F3,Two-part,0,4,GEN006,3105.255910367199
F3,Two-part,0,5,NEO039,2853.976416223604
F3,LightGBM (Tweedie),0,1,PRG029,2958.489590086617
F3,LightGBM (Tweedie),0,2,MUS003,2055.0404572080492
F3,LightGBM (Tweedie),0,3,MUS033,2048.8306767777585
F3,LightGBM (Tweedie),0,4,NVS017,2021.3437296767975
F3,LightGBM (Tweedie),0,5,MUS026,1865.9488626885995
F3,LightGBM (squared error),0,1,MUS003,5110.541291660533
F3,LightGBM (squared error),0,2,PRG029,4998.518514518737
F3,LightGBM (squared error),0,3,NVS017,4636.025703571161
F3,LightGBM (squared error),0,4,GEN006,4216.378282938375
F3,LightGBM (squared error),0,5,MUS026,3527.270222207051
F3,CANN,0,1,DEN001,23062.31620198655
F3,CANN,0,2,NVS009,3903.3230518821515
F3,CANN,0,3,MUS026,3698.814833430279
F3,CANN,0,4,MUS003,3514.877088683892
F3,CANN,0,5,GEN006,2926.723436162683
F3,Constrained WLS,0,1,NVS009,19705.473644131413
F3,Constrained WLS,0,2,NVS015,16084.679083600831
F3,Constrained WLS,0,3,MUS003,14209.696000097521
F3,Constrained WLS,0,4,CIR019,11824.307641291145
F3,Constrained WLS,0,5,MUS026,11188.272670475219
F3,WLS,1,1,CIR019,10161.536043839607
F3,WLS,1,2,GEN006,8976.242952127708
F3,WLS,1,3,DIG001,8593.302837115263
F3,WLS,1,4,NVS009,7244.527019906704
F3,WLS,1,5,MUS003,7050.20072827703
F3,Payment-form WLS (non-negative),1,1,CIR019,10384.494734523283
F3,Payment-form WLS (non-negative),1,2,GEN006,9942.971916256256
F3,Payment-form WLS (non-negative),1,3,NVS009,8538.2431521023
F3,Payment-form WLS (non-negative),1,4,MUS003,7875.602678872284
F3,Payment-form WLS (non-negative),1,5,NVS015,7590.641707136854
F3,Tweedie GLM,1,1,DEN001,14002.900160540814
F3,Tweedie GLM,1,2,NVS009,4887.924344164843
F3,Tweedie GLM,1,3,DIG001,4072.701563749901
F3,Tweedie GLM,1,4,MUS026,3622.155761099795
F3,Tweedie GLM,1,5,GEN006,3063.291651869153
F3,Two-part,1,1,NVS009,4126.116939982929
F3,Two-part,1,2,GEN006,3178.4554892168626
F3,Two-part,1,3,MUS026,3167.594824443006
F3,Two-part,1,4,NEO039,2757.299410359541
F3,Two-part,1,5,NEO030,2501.3755012890724
F3,LightGBM (Tweedie),1,1,PRG029,3567.939321440516
F3,LightGBM (Tweedie),1,2,MUS026,2466.7431773856297
F3,LightGBM (Tweedie),1,3,NVS009,2296.074016518001
F3,LightGBM (Tweedie),1,4,MUS033,2064.489021156106
F3,LightGBM (Tweedie),1,5,GEN006,1892.8982269261198
F3,LightGBM (squared error),1,1,CIR019,8077.349739104481
F3,LightGBM (squared error),1,2,PRG029,5424.344280842738
F3,LightGBM (squared error),1,3,MUS026,3618.326535449525
F3,LightGBM (squared error),1,4,MUS033,3580.6110459346473
F3,LightGBM (squared error),1,5,GEN006,3447.211286932704
F3,CANN,1,1,DEN001,15925.578524204147
F3,CANN,1,2,NVS009,5401.837950870335
F3,CANN,1,3,DIG001,3880.2410472621445
F3,CANN,1,4,CIR019,3690.866628789238
F3,CANN,1,5,MUS026,3514.040003312156
F3,Constrained WLS,1,1,NVS009,16166.250216313612
F3,Constrained WLS,1,2,CIR019,13346.634564725442
F3,Constrained WLS,1,3,NVS015,11492.133195727347
F3,Constrained WLS,1,4,MUS003,10912.796691551033
F3,Constrained WLS,1,5,MUS026,9829.572837312131
F3,WLS,2,1,NVS015,13577.97073786964
F3,WLS,2,2,MUS003,8546.608966906866
F3,WLS,2,3,NVS009,7837.520635283625
F3,WLS,2,4,MUS026,7204.643816084501
F3,WLS,2,5,NEO030,6344.47361423185
F3,Payment-form WLS (non-negative),2,1,NVS015,14744.160032783304
F3,Payment-form WLS (non-negative),2,2,MUS003,9332.026468492419
F3,Payment-form WLS (non-negative),2,3,NVS009,8915.88980168504
F3,Payment-form WLS (non-negative),2,4,MUS026,8217.803769567321
F3,Payment-form WLS (non-negative),2,5,NEO030,7220.108683704596
F3,Tweedie GLM,2,1,NVS009,4937.289367211603
F3,Tweedie GLM,2,2,DEN001,3969.6810735149306
F3,Tweedie GLM,2,3,MUS026,3758.7744267035687
F3,Tweedie GLM,2,4,MUS003,3692.519459327862
F3,Tweedie GLM,2,5,NEO030,3031.13448816026
F3,Two-part,2,1,NVS009,4248.014981618854
F3,Two-part,2,2,MUS026,3024.398090427382
F3,Two-part,2,3,MUS003,2987.7675955963323
F3,Two-part,2,4,NEO030,2986.0197833490324
F3,Two-part,2,5,NEO039,2709.2417316232954
F3,LightGBM (Tweedie),2,1,PRG029,3451.9854685391015
F3,LightGBM (Tweedie),2,2,MUS003,2489.8946973087473
F3,LightGBM (Tweedie),2,3,NVS009,2405.2460330486315
F3,LightGBM (Tweedie),2,4,NVS017,2217.1153068349495
F3,LightGBM (Tweedie),2,5,MUS026,2159.7264303032157
F3,LightGBM (squared error),2,1,NVS017,5409.855474180432
F3,LightGBM (squared error),2,2,MUS026,5002.285918765146
F3,LightGBM (squared error),2,3,MUS003,4455.39369968457
F3,LightGBM (squared error),2,4,PRG029,4183.048589885675
F3,LightGBM (squared error),2,5,NEO030,3621.749699646993
F3,CANN,2,1,NVS009,4937.289367211603
F3,CANN,2,2,DEN001,3969.6810735149306
F3,CANN,2,3,MUS026,3758.7744267035687
F3,CANN,2,4,MUS003,3692.519459327862
F3,CANN,2,5,NEO030,3031.13448816026
F3,Constrained WLS,2,1,NVS015,17726.33975993561
F3,Constrained WLS,2,2,NVS009,16988.434496002403
F3,Constrained WLS,2,3,MUS003,11348.830552203159
F3,Constrained WLS,2,4,MUS026,9795.132875230725
F3,Constrained WLS,2,5,RSP008,9326.057007730125
F3,WLS,3,1,NVS015,11441.45813478142
F3,WLS,3,2,MUS003,10783.999881282167
F3,WLS,3,3,CIR019,9634.110479294572
F3,WLS,3,4,GEN006,8991.782599373206
F3,WLS,3,5,NVS009,8147.868102629304
F3,Payment-form WLS (non-negative),3,1,NVS015,12547.573074229736
F3,Payment-form WLS (non-negative),3,2,MUS003,11321.638095286817
F3,Payment-form WLS (non-negative),3,3,CIR019,10405.00351644429
F3,Payment-form WLS (non-negative),3,4,GEN006,9866.40728465524
F3,Payment-form WLS (non-negative),3,5,NVS009,9477.619755914006
F3,Tweedie GLM,3,1,NVS009,5088.109125143138
F3,Tweedie GLM,3,2,MUS003,4086.3690837338604
F3,Tweedie GLM,3,3,MUS026,3959.8382229153294
F3,Tweedie GLM,3,4,RSP016,3118.1364085698483
F3,Tweedie GLM,3,5,GEN006,2864.4904639454717
F3,Two-part,3,1,GEN006,1926.318476424157
F3,Two-part,3,2,NVS009,1716.7976051852272
F3,Two-part,3,3,MUS013,1585.3359152352596
F3,Two-part,3,4,GEN007,1499.6380133481684
F3,Two-part,3,5,MUS026,1472.9683150047822
F3,LightGBM (Tweedie),3,1,MUS003,2615.5190443852725
F3,LightGBM (Tweedie),3,2,PRG029,2151.8952809494194
F3,LightGBM (Tweedie),3,3,NVS009,2061.947653684537
F3,LightGBM (Tweedie),3,4,MUS026,2016.019577036165
F3,LightGBM (Tweedie),3,5,END002+END005,1987.9744041939498
F3,LightGBM (squared error),3,1,GEN006,7651.6427488371055
F3,LightGBM (squared error),3,2,MUS003,7283.28559724603
F3,LightGBM (squared error),3,3,MUS026,5877.812204448157
F3,LightGBM (squared error),3,4,CIR019,5857.080733281097
F3,LightGBM (squared error),3,5,NVS017,5515.238359308771
F3,CANN,3,1,NVS009,5088.109125143138
F3,CANN,3,2,MUS003,4086.3690837338604
F3,CANN,3,3,MUS026,3959.8382229153294
F3,CANN,3,4,RSP016,3118.1364085698483
F3,CANN,3,5,GEN006,2864.4904639454717
F3,Constrained WLS,3,1,NVS009,20839.775853049043
F3,Constrained WLS,3,2,NVS015,16374.628508669346
F3,Constrained WLS,3,3,MUS003,14770.623131559283
F3,Constrained WLS,3,4,CIR019,12809.406524885339
F3,Constrained WLS,3,5,MUS026,12201.360189061435
F3,WLS,4,1,NVS015,11481.67765433982
F3,WLS,4,2,MUS003,10310.337761078146
F3,WLS,4,3,GEN006,9041.37396395954
F3,WLS,4,4,DIG001,7080.686874922087
F3,WLS,4,5,INF009,6941.973987716231
F3,Payment-form WLS (non-negative),4,1,NVS015,11950.061455041608
F3,Payment-form WLS (non-negative),4,2,MUS003,11288.046972717026
F3,Payment-form WLS (non-negative),4,3,GEN006,9900.705219967145
F3,Payment-form WLS (non-negative),4,4,INF009,7268.886894631694
F3,Payment-form WLS (non-negative),4,5,CIR019,7109.371459246117
F3,Tweedie GLM,4,1,NVS009,4320.240606282812
F3,Tweedie GLM,4,2,MUS003,3928.398258971849
F3,Tweedie GLM,4,3,INF009,2894.2018256242513
F3,Tweedie GLM,4,4,GEN006,2804.120413483717
F3,Tweedie GLM,4,5,DIG001,2700.7814466384507
F3,Two-part,4,1,GEN008,1741.169648753594
F3,Two-part,4,2,MUS013,1565.8717733135616
F3,Two-part,4,3,NVS009,1512.4977802498236
F3,Two-part,4,4,MUS003,1421.4916219809747
F3,Two-part,4,5,MBD003,1410.3415571136393
F3,LightGBM (Tweedie),4,1,PRG029,2955.1443223196648
F3,LightGBM (Tweedie),4,2,MUS003,2054.999935537911
F3,LightGBM (Tweedie),4,3,NVS017,1935.4883524086556
F3,LightGBM (Tweedie),4,4,NVS009,1833.294767793212
F3,LightGBM (Tweedie),4,5,MUS033,1674.699908131894
F3,LightGBM (squared error),4,1,NVS017,3721.5073640217897
F3,LightGBM (squared error),4,2,PRG029,3469.1667521235036
F3,LightGBM (squared error),4,3,MUS003,3248.782375704731
F3,LightGBM (squared error),4,4,GEN006,3057.21527387783
F3,LightGBM (squared error),4,5,NVS009,2315.4977839739304
F3,CANN,4,1,NVS009,4320.240606282812
F3,CANN,4,2,MUS003,3928.398258971849
F3,CANN,4,3,INF009,2894.2018256242513
F3,CANN,4,4,GEN006,2804.120413483717
F3,CANN,4,5,DIG001,2700.7814466384507
F3,Constrained WLS,4,1,NVS015,16610.334740639926
F3,Constrained WLS,4,2,NVS009,16019.314011444094
F3,Constrained WLS,4,3,MUS003,13207.54089081252
F3,Constrained WLS,4,4,NVS012,10032.792650705427
F3,Constrained WLS,4,5,CIR019,9594.77560493952
F2,WLS,0,1,NVS015,12304.238456452103
F2,WLS,0,2,MUS003,11868.442392929423
F2,WLS,0,3,GEN006,10747.125196926147
F2,WLS,0,4,CIR019,9811.27316399282
F2,WLS,0,5,EYE005,9710.227298658067
F2,Payment-form WLS (non-negative),0,1,NVS015,12960.267484896132
F2,Payment-form WLS (non-negative),0,2,MUS003,12050.41055721992
F2,Payment-form WLS (non-negative),0,3,GEN006,10878.514453811358
F2,Payment-form WLS (non-negative),0,4,CIR019,9908.977227985815
F2,Payment-form WLS (non-negative),0,5,NVS009,9778.454119773645
F2,Tweedie GLM,0,1,NVS009,7905.472876172432
F2,Tweedie GLM,0,2,MBD014,7414.991387291743
F2,Tweedie GLM,0,3,PRG029,6221.744283274699
F2,Tweedie GLM,0,4,MUS003,6152.041545254261
F2,Tweedie GLM,0,5,NEO030,5884.35237228617
F2,Two-part,0,1,MUS026,2123.2555814308253
F2,Two-part,0,2,NVS009,2069.338767788986
F2,Two-part,0,3,GEN006,2009.120562468326
F2,Two-part,0,4,GEN007,1881.709220232135
F2,Two-part,0,5,MUS003,1845.18190527305
F2,LightGBM (Tweedie),0,1,MUS003,6642.405915154412
F2,LightGBM (Tweedie),0,2,NVS009,6611.65348734746
F2,LightGBM (Tweedie),0,3,GEN006,6090.026245543489
F2,LightGBM (Tweedie),0,4,NEO030,5760.131343608349
F2,LightGBM (Tweedie),0,5,MUS026,5200.743274121157
F2,LightGBM (squared error),0,1,MUS003,9840.941152781697
F2,LightGBM (squared error),0,2,GEN006,9004.312769381655
F2,LightGBM (squared error),0,3,NVS015,7151.562566455721
F2,LightGBM (squared error),0,4,NEO030,7038.928862041468
F2,LightGBM (squared error),0,5,NVS009,6839.8467499033495
F2,CANN,0,1,CIR019,15353.00492578332
F2,CANN,0,2,NVS006,12001.392405212684
F2,CANN,0,3,GEN006,11108.54912247604
F2,CANN,0,4,NEO030,10745.05620477246
F2,CANN,0,5,RSP008,7632.6919034899765
F2,Constrained WLS,0,1,NVS009,26783.928464074215
F2,Constrained WLS,0,2,NVS015,18628.395013919795
F2,Constrained WLS,0,3,MUS003,17400.199262757644
F2,Constrained WLS,0,4,CIR019,15581.080090802148
F2,Constrained WLS,0,5,MUS026,14696.906494708619
F2,WLS,1,1,CIR019,12539.222944205172
F2,WLS,1,2,GEN006,10399.885305145777
F2,WLS,1,3,NVS009,10335.25993485346
F2,WLS,1,4,MUS003,8869.075381252247
F2,WLS,1,5,DIG001,8559.718530513032
F2,Payment-form WLS (non-negative),1,1,CIR019,12624.090755868412
F2,Payment-form WLS (non-negative),1,2,NVS009,11041.225793901684
F2,Payment-form WLS (non-negative),1,3,GEN006,10695.930565469387
F2,Payment-form WLS (non-negative),1,4,MUS003,8944.295718839476
F2,Payment-form WLS (non-negative),1,5,MUS026,8741.224101040027
F2,Tweedie GLM,1,1,NVS009,9084.986859049939
F2,Tweedie GLM,1,2,MBD014,8044.746609117878
F2,Tweedie GLM,1,3,PRG029,6480.90283989495
F2,Tweedie GLM,1,4,MUS026,5594.9974189629565
F2,Tweedie GLM,1,5,NEO039,5194.099054200173
F2,Two-part,1,1,NVS009,2209.7950427308156
F2,Two-part,1,2,MUS026,2068.135269162386
F2,Two-part,1,3,GEN006,1992.049054246691
F2,Two-part,1,4,MBD003,1946.5522657657564
F2,Two-part,1,5,GEN007,1844.20418271629
F2,LightGBM (Tweedie),1,1,NVS009,6346.452432475497
F2,LightGBM (Tweedie),1,2,GEN006,5236.5157893862515
F2,LightGBM (Tweedie),1,3,NEO030,4668.98482601312
F2,LightGBM (Tweedie),1,4,CIR019,4497.757655724132
F2,LightGBM (Tweedie),1,5,MUS026,4462.881375604081
F2,LightGBM (squared error),1,1,GEN006,8898.2899941466
F2,LightGBM (squared error),1,2,NVS009,8127.289031904293
F2,LightGBM (squared error),1,3,CIR019,7699.530942488525
F2,LightGBM (squared error),1,4,INF009,7349.564789771964
F2,LightGBM (squared error),1,5,MUS026,6952.175999724912
F2,CANN,1,1,NEO030,9971.762559256747
F2,CANN,1,2,NVS009,9137.680377740686
F2,CANN,1,3,DEN001,9045.356106019724
F2,CANN,1,4,CIR019,8479.799836729859
F2,CANN,1,5,GEN006,8161.402955856503
F2,Constrained WLS,1,1,NVS009,22052.63348988025
F2,Constrained WLS,1,2,CIR019,17265.39600037797
F2,Constrained WLS,1,3,NVS015,14412.29363124534
F2,Constrained WLS,1,4,MUS003,14012.30822843673
F2,Constrained WLS,1,5,NVS012,13265.904882110663
F2,WLS,2,1,NVS015,14751.64038940461
F2,WLS,2,2,NVS009,10220.26189149692
F2,WLS,2,3,MUS003,10218.440630682977
F2,WLS,2,4,MUS026,8705.83884193216
F2,WLS,2,5,NEO030,8255.54213146984
F2,Payment-form WLS (non-negative),2,1,NVS015,15371.76844084006
F2,Payment-form WLS (non-negative),2,2,NVS009,10910.86598950444
F2,Payment-form WLS (non-negative),2,3,MUS003,10410.60501646988
F2,Payment-form WLS (non-negative),2,4,MUS026,8968.8365320706
F2,Payment-form WLS (non-negative),2,5,NEO030,8460.70863587361
F2,Tweedie GLM,2,1,NVS009,9193.016784483854
F2,Tweedie GLM,2,2,MBD014,7301.459516336446
F2,Tweedie GLM,2,3,NEO030,6054.996565614977
F2,Tweedie GLM,2,4,MUS003,5862.5464880376
F2,Tweedie GLM,2,5,PRG029,5572.404958699934
F2,Two-part,2,1,NVS009,2253.546318727242
F2,Two-part,2,2,MUS026,2021.3412004851418
F2,Two-part,2,3,MBD003,1847.7505874239562
F2,Two-part,2,4,EYE003,1771.2654288968192
F2,Two-part,2,5,NEO030,1752.59016543407
F2,LightGBM (Tweedie),2,1,NEO030,7362.9367990439605
F2,LightGBM (Tweedie),2,2,NVS009,6293.5340730822345
F2,LightGBM (Tweedie),2,3,RSP008,5761.42190386805
F2,LightGBM (Tweedie),2,4,MUS003,5466.702973081084
F2,LightGBM (Tweedie),2,5,GEN006,4788.97665764267
F2,LightGBM (squared error),2,1,NVS015,6792.611049134053
F2,LightGBM (squared error),2,2,MUS003,6699.209849641624
F2,LightGBM (squared error),2,3,NVS009,5936.620057858682
F2,LightGBM (squared error),2,4,NVS017,5690.2407024511485
F2,LightGBM (squared error),2,5,MUS026,4381.86553239954
F2,CANN,2,1,NVS009,9193.016784483854
F2,CANN,2,2,MBD014,7301.459516336446
F2,CANN,2,3,NEO030,6054.996565614977
F2,CANN,2,4,MUS003,5862.5464880376
F2,CANN,2,5,PRG029,5572.404958699934
F2,Constrained WLS,2,1,NVS009,22084.889716344867
F2,Constrained WLS,2,2,NVS015,20094.624674469727
F2,Constrained WLS,2,3,MUS003,13899.508170726276
F2,Constrained WLS,2,4,NVS012,12605.119133107244
F2,Constrained WLS,2,5,MUS026,12180.655024985484
F2,WLS,3,1,NVS015,12660.38686785626
F2,WLS,3,2,MUS003,12549.36194963066
F2,WLS,3,3,CIR019,11664.81489128474
F2,WLS,3,4,NVS009,11124.099566047274
F2,WLS,3,5,GEN006,10380.86478619639
F2,Payment-form WLS (non-negative),3,1,NVS015,13173.100491723519
F2,Payment-form WLS (non-negative),3,2,MUS003,12249.427997573692
F2,Payment-form WLS (non-negative),3,3,CIR019,11922.016694257223
F2,Payment-form WLS (non-negative),3,4,NVS009,11884.900174283393
F2,Payment-form WLS (non-negative),3,5,GEN006,10579.45955619291
F2,Tweedie GLM,3,1,NVS009,9603.955203624218
F2,Tweedie GLM,3,2,MBD014,8958.545140099939
F2,Tweedie GLM,3,3,MUS003,6893.041014942407
F2,Tweedie GLM,3,4,RSP016,6331.322081136109
F2,Tweedie GLM,3,5,NEO039,6329.633015363345
F2,Two-part,3,1,GEN006,2454.135199211683
F2,Two-part,3,2,NVS009,2289.130234445305
F2,Two-part,3,3,MUS026,2071.214669980785
F2,Two-part,3,4,MUS013,1977.1964507480898
F2,Two-part,3,5,MBD003,1923.8555765629717
F2,LightGBM (Tweedie),3,1,NVS009,6006.490516683392
F2,LightGBM (Tweedie),3,2,RSP008,5517.360585230053
F2,LightGBM (Tweedie),3,3,MUS003,5418.721844516491
F2,LightGBM (Tweedie),3,4,GEN006,4566.706831206161
F2,LightGBM (Tweedie),3,5,END002+END005,3872.6949237878616
F2,LightGBM (squared error),3,1,MUS003,11326.021056333964
F2,LightGBM (squared error),3,2,CIR019,11205.854256715456
F2,LightGBM (squared error),3,3,GEN006,10701.045059912074
F2,LightGBM (squared error),3,4,NVS009,10352.855084541385
F2,LightGBM (squared error),3,5,MUS026,8813.486868351367
F2,CANN,3,1,NVS009,9603.955203624218
F2,CANN,3,2,MBD014,8958.545140099939
F2,CANN,3,3,MUS003,6893.041014942407
F2,CANN,3,4,RSP016,6331.322081136109
F2,CANN,3,5,NEO039,6329.633015363345
F2,Constrained WLS,3,1,NVS009,27435.266781207425
F2,Constrained WLS,3,2,NVS015,18899.42867094806
F2,Constrained WLS,3,3,MUS003,17729.38155138636
F2,Constrained WLS,3,4,CIR019,15974.938897585547
F2,Constrained WLS,3,5,DEN002,15761.335020940112
F2,WLS,4,1,NVS015,12721.931514059259
F2,WLS,4,2,MUS003,12407.331589259979
F2,WLS,4,3,GEN006,10541.892199802682
F2,WLS,4,4,CIR019,8966.48073402258
F2,WLS,4,5,NVS009,8383.325678328238
F2,Payment-form WLS (non-negative),4,1,NVS015,12839.807905620792
F2,Payment-form WLS (non-negative),4,2,MUS003,12395.453128056102
F2,Payment-form WLS (non-negative),4,3,GEN006,10621.60100817189
F2,Payment-form WLS (non-negative),4,4,CIR019,9036.586993815305
F2,Payment-form WLS (non-negative),4,5,NVS009,8946.570886214618
F2,Tweedie GLM,4,1,NVS009,7595.301338054627
F2,Tweedie GLM,4,2,MBD014,6865.548777981914
F2,Tweedie GLM,4,3,MUS003,6363.882359664997
F2,Tweedie GLM,4,4,PRG029,5940.726290063624
F2,Tweedie GLM,4,5,NEO039,4560.425249314445
F2,Two-part,4,1,GEN008,2112.0325056783126
F2,Two-part,4,2,NVS009,2025.3622191820189
F2,Two-part,4,3,MUS003,2018.3268938424035
F2,Two-part,4,4,MBD003,1965.1034969479456
F2,Two-part,4,5,MUS013,1936.6722963852362
F2,LightGBM (Tweedie),4,1,MUS003,6655.758138129891
F2,LightGBM (Tweedie),4,2,NVS009,6351.52440137747
F2,LightGBM (Tweedie),4,3,INF009,5133.489251814609
F2,LightGBM (Tweedie),4,4,NEO030,4655.153282089115
F2,LightGBM (Tweedie),4,5,CIR019,4426.827523997238
F2,LightGBM (squared error),4,1,MUS003,9624.05294581028
F2,LightGBM (squared error),4,2,INF009,9256.21649586314
F2,LightGBM (squared error),4,3,NVS017,8046.9043124390655
F2,LightGBM (squared error),4,4,GEN006,7557.904955582982
F2,LightGBM (squared error),4,5,NVS009,6950.917343433178
F2,CANN,4,1,NVS009,8650.779842205984
F2,CANN,4,2,PRG029,7248.726758194928
F2,CANN,4,3,MUS003,6815.540709498804
F2,CANN,4,4,MBD014,6640.877809773488
F2,CANN,4,5,CIR019,6451.429953789019
F2,Constrained WLS,4,1,NVS009,22242.44242256506
F2,Constrained WLS,4,2,NVS015,19201.351753488252
F2,Constrained WLS,4,3,MUS003,16385.978481473856
F2,Constrained WLS,4,4,NVS012,13922.490413017747
F2,Constrained WLS,4,5,CIR019,12969.241034085939
